Epoch,Score
0,0.7402826855123675
1,0.7446996466431095
2,0.7482332155477032
3,0.7464664310954063
4,0.75
5,0.7438162544169611
6,0.8180212014134276
7,0.8144876325088339
8,0.8127208480565371
9,0.8144876325088339
10,0.8144876325088339
11,0.8171378091872792
12,0.8180212014134276
13,0.8180212014134276
14,0.8171378091872792
15,0.8171378091872792
16,0.8136042402826855
17,0.8144876325088339
18,0.8127208480565371
19,0.8127208480565371
